{
  "Login To View Projects-0" : {
    "transaction" : "Login To View Projects-0",
    "sampleCount" : 765,
    "errorCount" : 0,
    "errorPct" : 0.0,
    "meanResTime" : 427.13333333333316,
    "medianResTime" : 422.0,
    "minResTime" : 76.0,
    "maxResTime" : 1049.0,
    "pct1ResTime" : 678.1999999999999,
    "pct2ResTime" : 751.0,
    "pct3ResTime" : 887.4000000000003,
    "throughput" : 1.2749851251735398,
    "receivedKBytesPerSec" : 0.44076634210100885,
    "sentKBytesPerSec" : 0.5503353762956099
  },
  "Login To View Projects-1" : {
    "transaction" : "Login To View Projects-1",
    "sampleCount" : 765,
    "errorCount" : 0,
    "errorPct" : 0.0,
    "meanResTime" : 1703.460130718956,
    "medianResTime" : 1719.0,
    "minResTime" : 92.0,
    "maxResTime" : 3985.0,
    "pct1ResTime" : 2749.7999999999997,
    "pct2ResTime" : 2962.3999999999987,
    "pct3ResTime" : 3482.4400000000023,
    "throughput" : 1.2722350092465708,
    "receivedKBytesPerSec" : 34.90432193771786,
    "sentKBytesPerSec" : 0.631147836618416
  },
  "New Project Id Found-1" : {
    "transaction" : "New Project Id Found-1",
    "sampleCount" : 445,
    "errorCount" : 22,
    "errorPct" : 4.94382,
    "meanResTime" : 739.3955056179778,
    "medianResTime" : 507.0,
    "minResTime" : 88.0,
    "maxResTime" : 3328.0,
    "pct1ResTime" : 1734.6000000000001,
    "pct2ResTime" : 2080.5999999999995,
    "pct3ResTime" : 2579.78,
    "throughput" : 0.7515495431592103,
    "receivedKBytesPerSec" : 6.0597557754260185,
    "sentKBytesPerSec" : 0.40439824050852036
  },
  "Visit Login Page" : {
    "transaction" : "Visit Login Page",
    "sampleCount" : 767,
    "errorCount" : 0,
    "errorPct" : 0.0,
    "meanResTime" : 2103.344198174707,
    "medianResTime" : 1987.0,
    "minResTime" : 116.0,
    "maxResTime" : 6313.0,
    "pct1ResTime" : 3551.000000000001,
    "pct2ResTime" : 3918.399999999997,
    "pct3ResTime" : 4940.479999999998,
    "throughput" : 1.2763974638464994,
    "receivedKBytesPerSec" : 5.366104572128106,
    "sentKBytesPerSec" : 0.4537194109766854
  },
  "Create New Todo In Project" : {
    "transaction" : "Create New Todo In Project",
    "sampleCount" : 418,
    "errorCount" : 260,
    "errorPct" : 62.20096,
    "meanResTime" : 1283.2751196172244,
    "medianResTime" : 1128.5,
    "minResTime" : 148.0,
    "maxResTime" : 5615.0,
    "pct1ResTime" : 2327.100000000001,
    "pct2ResTime" : 2856.199999999996,
    "pct3ResTime" : 3523.7300000000005,
    "throughput" : 0.7170180283719574,
    "receivedKBytesPerSec" : 2.7007513787158857,
    "sentKBytesPerSec" : 0.7525379200473438
  },
  "Delete Project Created-1" : {
    "transaction" : "Delete Project Created-1",
    "sampleCount" : 38,
    "errorCount" : 0,
    "errorPct" : 0.0,
    "meanResTime" : 624.1315789473686,
    "medianResTime" : 459.0,
    "minResTime" : 109.0,
    "maxResTime" : 2168.0,
    "pct1ResTime" : 1486.7000000000003,
    "pct2ResTime" : 1881.0999999999992,
    "pct3ResTime" : 2168.0,
    "throughput" : 0.06602311504006561,
    "receivedKBytesPerSec" : 1.7219287197944249,
    "sentKBytesPerSec" : 0.03275365472690754
  },
  "Login To View Projects" : {
    "transaction" : "Login To View Projects",
    "sampleCount" : 765,
    "errorCount" : 0,
    "errorPct" : 0.0,
    "meanResTime" : 2130.802614379084,
    "medianResTime" : 2187.0,
    "minResTime" : 168.0,
    "maxResTime" : 4609.0,
    "pct1ResTime" : 3323.4,
    "pct2ResTime" : 3646.0,
    "pct3ResTime" : 4004.02,
    "throughput" : 1.272010774679503,
    "receivedKBytesPerSec" : 35.33790806448596,
    "sentKBytesPerSec" : 1.1800881210405547
  },
  "New Project Id Found-0" : {
    "transaction" : "New Project Id Found-0",
    "sampleCount" : 445,
    "errorCount" : 0,
    "errorPct" : 0.0,
    "meanResTime" : 502.85168539325826,
    "medianResTime" : 376.0,
    "minResTime" : 78.0,
    "maxResTime" : 2846.0,
    "pct1ResTime" : 1049.2,
    "pct2ResTime" : 1269.8,
    "pct3ResTime" : 1688.6200000000001,
    "throughput" : 0.7522495642869097,
    "receivedKBytesPerSec" : 0.14912759917015886,
    "sentKBytesPerSec" : 0.4003671997425447
  },
  "New Project Id Found" : {
    "transaction" : "New Project Id Found",
    "sampleCount" : 747,
    "errorCount" : 324,
    "errorPct" : 43.373493,
    "meanResTime" : 1329.6559571619803,
    "medianResTime" : 1135.0,
    "minResTime" : 114.0,
    "maxResTime" : 4697.0,
    "pct1ResTime" : 2658.8,
    "pct2ResTime" : 3110.400000000001,
    "pct3ResTime" : 3868.199999999999,
    "throughput" : 1.2613257597503689,
    "receivedKBytesPerSec" : 6.515695495783761,
    "sentKBytesPerSec" : 1.0756246422444506
  },
  "Delete Project Created-0" : {
    "transaction" : "Delete Project Created-0",
    "sampleCount" : 38,
    "errorCount" : 0,
    "errorPct" : 0.0,
    "meanResTime" : 322.7894736842106,
    "medianResTime" : 275.0,
    "minResTime" : 108.0,
    "maxResTime" : 919.0,
    "pct1ResTime" : 594.2000000000002,
    "pct2ResTime" : 780.2999999999996,
    "pct3ResTime" : 919.0,
    "throughput" : 0.06615886833514689,
    "receivedKBytesPerSec" : 0.010337323177366704,
    "sentKBytesPerSec" : 0.042253808487486395
  },
  "Create Project For Current User" : {
    "transaction" : "Create Project For Current User",
    "sampleCount" : 750,
    "errorCount" : 0,
    "errorPct" : 0.0,
    "meanResTime" : 1697.4866666666685,
    "medianResTime" : 1530.0,
    "minResTime" : 183.0,
    "maxResTime" : 5660.0,
    "pct1ResTime" : 3271.2999999999997,
    "pct2ResTime" : 3769.249999999997,
    "pct3ResTime" : 4392.710000000001,
    "throughput" : 1.2562435303458186,
    "receivedKBytesPerSec" : 34.84958754122572,
    "sentKBytesPerSec" : 1.3948719667999958
  },
  "Create Project For Current User-0" : {
    "transaction" : "Create Project For Current User-0",
    "sampleCount" : 750,
    "errorCount" : 0,
    "errorPct" : 0.0,
    "meanResTime" : 530.3559999999995,
    "medianResTime" : 456.0,
    "minResTime" : 98.0,
    "maxResTime" : 2995.0,
    "pct1ResTime" : 928.8,
    "pct2ResTime" : 1057.8999999999985,
    "pct3ResTime" : 1695.330000000001,
    "throughput" : 1.2581106197956156,
    "receivedKBytesPerSec" : 0.19657978434306497,
    "sentKBytesPerSec" : 0.7728042771986742
  },
  "Create New Todo In Project-1" : {
    "transaction" : "Create New Todo In Project-1",
    "sampleCount" : 172,
    "errorCount" : 14,
    "errorPct" : 8.139535,
    "meanResTime" : 649.2383720930231,
    "medianResTime" : 534.0,
    "minResTime" : 83.0,
    "maxResTime" : 2145.0,
    "pct1ResTime" : 1357.0000000000014,
    "pct2ResTime" : 1671.85,
    "pct3ResTime" : 2145.0,
    "throughput" : 0.2989661333945171,
    "receivedKBytesPerSec" : 2.418938977666187,
    "sentKBytesPerSec" : 0.16086947216833877
  },
  "Total" : {
    "transaction" : "Total",
    "sampleCount" : 7945,
    "errorCount" : 740,
    "errorPct" : 9.3140335,
    "meanResTime" : 1249.0122089364438,
    "medianResTime" : 964.0,
    "minResTime" : 76.0,
    "maxResTime" : 6313.0,
    "pct1ResTime" : 2737.0,
    "pct2ResTime" : 3187.0,
    "pct3ResTime" : 3951.0,
    "throughput" : 13.206712899858374,
    "receivedKBytesPerSec" : 166.99210795791723,
    "sentKBytesPerSec" : 8.822473421386398
  },
  "Delete Project Created" : {
    "transaction" : "Delete Project Created",
    "sampleCount" : 158,
    "errorCount" : 120,
    "errorPct" : 75.94936,
    "meanResTime" : 1311.26582278481,
    "medianResTime" : 1164.0,
    "minResTime" : 115.0,
    "maxResTime" : 3587.0,
    "pct1ResTime" : 2505.1999999999994,
    "pct2ResTime" : 2936.35,
    "pct3ResTime" : 3506.1699999999996,
    "throughput" : 0.2738591081552816,
    "receivedKBytesPerSec" : 2.7503923183386805,
    "sentKBytesPerSec" : 0.20758124992416876
  },
  "Create Project For Current User-1" : {
    "transaction" : "Create Project For Current User-1",
    "sampleCount" : 750,
    "errorCount" : 0,
    "errorPct" : 0.0,
    "meanResTime" : 1167.0119999999997,
    "medianResTime" : 1022.0,
    "minResTime" : 84.0,